--drop table author;
--drop table songs;
--drop table user_info;
--drop table user_playlist;
--drop table playlist;

insert into user_info (id, login, password) values (1, 'aaaa', 1111);
insert into user_info (id, login, password) values (2, 'bbbb', 2222);
insert into user_info (id, login, password) values (3, 'cccc', 3333);

insert into songs (id, title, genre, year, author_id) values (1, 'consequat morbi', 'metal', 2003, 3);
insert into songs (id, title, genre, year, author_id) values (2, 'ullamcorper purus', 'folk', 2008, 35);
insert into songs (id, title, genre, year, author_id) values (3, 'in faucibus', 'classical', 2009, 41);
insert into songs (id, title, genre, year, author_id) values (4, 'vitae quam', 'country', 1997, 44);
insert into songs (id, title, genre, year, author_id) values (5, 'diam', 'classical', 2010, 49);
insert into songs (id, title, genre, year, author_id) values (6, 'quis turpis', 'electronic', 1999, 22);
insert into songs (id, title, genre, year, author_id) values (7, 'sed', 'pop', 2008, 22);
insert into songs (id, title, genre, year, author_id) values (8, 'posuere', 'hip hop', 2003, 20);
insert into songs (id, title, genre, year, author_id) values (9, 'sagittis', 'jazz', 1991, 44);
insert into songs (id, title, genre, year, author_id) values (10, 'diam id', 'jazz', 2009, 20);
insert into songs (id, title, genre, year, author_id) values (11, 'nulla justo', 'classical', 1998, 2);
insert into songs (id, title, genre, year, author_id) values (12, 'ipsum', 'reggae', 2004, 11);
insert into songs (id, title, genre, year, author_id) values (13, 'nisl', 'country', 1991, 29);
insert into songs (id, title, genre, year, author_id) values (14, 'nec condimentum', 'reggae', 2008, 28);
insert into songs (id, title, genre, year, author_id) values (15, 'etiam vel', 'folk', 2006, 35);
insert into songs (id, title, genre, year, author_id) values (16, 'amet lobortis', 'electronic', 2000, 27);
insert into songs (id, title, genre, year, author_id) values (17, 'tortor', 'country', 2010, 48);
insert into songs (id, title, genre, year, author_id) values (18, 'nulla', 'country', 2012, 17);
insert into songs (id, title, genre, year, author_id) values (19, 'sociis', 'country', 1992, 21);
insert into songs (id, title, genre, year, author_id) values (20, 'nibh', 'hip hop', 1999, 34);
insert into songs (id, title, genre, year, author_id) values (21, 'sit amet', 'hip hop', 2001, 10);
insert into songs (id, title, genre, year, author_id) values (22, 'turpis integer', 'folk', 2002, 15);
insert into songs (id, title, genre, year, author_id) values (23, 'nec', 'classical', 1998, 44);
insert into songs (id, title, genre, year, author_id) values (24, 'est phasellus', 'reggae', 1969, 50);
insert into songs (id, title, genre, year, author_id) values (25, 'volutpat in', 'jazz', 1998, 27);
insert into songs (id, title, genre, year, author_id) values (26, 'dapibus', 'country', 2011, 14);
insert into songs (id, title, genre, year, author_id) values (27, 'nullam', 'classical', 2012, 47);
insert into songs (id, title, genre, year, author_id) values (28, 'vestibulum', 'pop', 2002, 3);
insert into songs (id, title, genre, year, author_id) values (29, 'libero nam', 'jazz', 2003, 39);
insert into songs (id, title, genre, year, author_id) values (30, 'vitae', 'country', 2001, 46);
insert into songs (id, title, genre, year, author_id) values (31, 'phasellus in', 'pop', 1999, 49);
insert into songs (id, title, genre, year, author_id) values (32, 'mauris enim', 'metal', 1994, 45);
insert into songs (id, title, genre, year, author_id) values (33, 'nec', 'reggae', 1993, 30);
insert into songs (id, title, genre, year, author_id) values (34, 'primis', 'hip hop', 1993, 13);
insert into songs (id, title, genre, year, author_id) values (35, 'molestie', 'electronic', 2011, 37);
insert into songs (id, title, genre, year, author_id) values (36, 'urna ut', 'pop', 2011, 11);
insert into songs (id, title, genre, year, author_id) values (37, 'rutrum', 'metal', 2008, 38);
insert into songs (id, title, genre, year, author_id) values (38, 'leo maecenas', 'country', 1996, 5);
insert into songs (id, title, genre, year, author_id) values (39, 'mauris', 'jazz', 2007, 32);
insert into songs (id, title, genre, year, author_id) values (40, 'amet', 'pop', 1985, 26);
insert into songs (id, title, genre, year, author_id) values (41, 'tincidunt', 'metal', 1998, 16);
insert into songs (id, title, genre, year, author_id) values (42, 'at', 'jazz', 2002, 39);
insert into songs (id, title, genre, year, author_id) values (43, 'sed interdum', 'electronic', 1999, 44);
insert into songs (id, title, genre, year, author_id) values (44, 'tincidunt nulla', 'hip hop', 2005, 14);
insert into songs (id, title, genre, year, author_id) values (45, 'facilisi', 'electronic', 1996, 34);
insert into songs (id, title, genre, year, author_id) values (46, 'curabitur in', 'country', 1998, 40);
insert into songs (id, title, genre, year, author_id) values (47, 'eu', 'rock', 1986, 18);
insert into songs (id, title, genre, year, author_id) values (48, 'sem', 'classical', 2000, 22);
insert into songs (id, title, genre, year, author_id) values (49, 'eget eleifend', 'country', 2008, 5);
insert into songs (id, title, genre, year, author_id) values (50, 'in consequat', 'hip hop', 1987, 26);
insert into songs (id, title, genre, year, author_id) values (51, 'quam suspendisse', 'metal', 2007, 37);
insert into songs (id, title, genre, year, author_id) values (52, 'commodo', 'metal', 2008, 43);
insert into songs (id, title, genre, year, author_id) values (53, 'proin', 'country', 1999, 4);
insert into songs (id, title, genre, year, author_id) values (54, 'vitae', 'pop', 1986, 40);
insert into songs (id, title, genre, year, author_id) values (55, 'leo odio', 'jazz', 2001, 26);
insert into songs (id, title, genre, year, author_id) values (56, 'elementum', 'electronic', 2010, 17);
insert into songs (id, title, genre, year, author_id) values (57, 'lectus suspendisse', 'country', 1992, 47);
insert into songs (id, title, genre, year, author_id) values (58, 'sed vel', 'folk', 2001, 1);
insert into songs (id, title, genre, year, author_id) values (59, 'vitae', 'electronic', 1993, 26);
insert into songs (id, title, genre, year, author_id) values (60, 'adipiscing', 'reggae', 1999, 5);
insert into songs (id, title, genre, year, author_id) values (61, 'nam', 'folk', 1998, 43);
insert into songs (id, title, genre, year, author_id) values (62, 'ut', 'country', 1985, 1);
insert into songs (id, title, genre, year, author_id) values (63, 'amet', 'country', 1994, 47);
insert into songs (id, title, genre, year, author_id) values (64, 'facilisi', 'pop', 2005, 17);
insert into songs (id, title, genre, year, author_id) values (65, 'et', 'country', 2006, 9);
insert into songs (id, title, genre, year, author_id) values (66, 'magna', 'electronic', 2011, 25);
insert into songs (id, title, genre, year, author_id) values (67, 'vestibulum ante', 'reggae', 2000, 5);
insert into songs (id, title, genre, year, author_id) values (68, 'posuere', 'electronic', 2008, 31);
insert into songs (id, title, genre, year, author_id) values (69, 'morbi', 'electronic', 1996, 9);
insert into songs (id, title, genre, year, author_id) values (70, 'penatibus', 'metal', 1998, 14);
insert into songs (id, title, genre, year, author_id) values (71, 'sed accumsan', 'jazz', 2001, 12);
insert into songs (id, title, genre, year, author_id) values (72, 'quam', 'metal', 2012, 27);
insert into songs (id, title, genre, year, author_id) values (73, 'metus sapien', 'reggae', 2013, 21);
insert into songs (id, title, genre, year, author_id) values (74, 'in', 'electronic', 2013, 35);
insert into songs (id, title, genre, year, author_id) values (75, 'tempor convallis', 'folk', 2003, 7);
insert into songs (id, title, genre, year, author_id) values (76, 'donec posuere', 'folk', 2006, 12);
insert into songs (id, title, genre, year, author_id) values (77, 'odio porttitor', 'pop', 2006, 16);
insert into songs (id, title, genre, year, author_id) values (78, 'pede lobortis', 'country', 2000, 32);
insert into songs (id, title, genre, year, author_id) values (79, 'pellentesque ultrices', 'country', 2007, 4);
insert into songs (id, title, genre, year, author_id) values (80, 'nisl', 'reggae', 2009, 28);
insert into songs (id, title, genre, year, author_id) values (81, 'vel', 'pop', 2009, 5);
insert into songs (id, title, genre, year, author_id) values (82, 'ridiculus mus', 'classical', 1996, 2);
insert into songs (id, title, genre, year, author_id) values (83, 'dis', 'rock', 2010, 27);
insert into songs (id, title, genre, year, author_id) values (84, 'posuere', 'pop', 1969, 40);
insert into songs (id, title, genre, year, author_id) values (85, 'sagittis', 'country', 2003, 40);
insert into songs (id, title, genre, year, author_id) values (86, 'dis parturient', 'hip hop', 2012, 42);
insert into songs (id, title, genre, year, author_id) values (87, 'ultricies eu', 'country', 2005, 38);
insert into songs (id, title, genre, year, author_id) values (88, 'porttitor', 'folk', 2011, 11);
insert into songs (id, title, genre, year, author_id) values (89, 'et', 'classical', 1993, 38);
insert into songs (id, title, genre, year, author_id) values (90, 'nulla', 'pop', 2010, 7);
insert into songs (id, title, genre, year, author_id) values (91, 'ipsum integer', 'electronic', 2009, 25);
insert into songs (id, title, genre, year, author_id) values (92, 'sit', 'reggae', 2008, 28);
insert into songs (id, title, genre, year, author_id) values (93, 'sapien varius', 'classical', 1997, 49);
insert into songs (id, title, genre, year, author_id) values (94, 'nibh in', 'folk', 1992, 45);
insert into songs (id, title, genre, year, author_id) values (95, 'libero quis', 'jazz', 2006, 8);
insert into songs (id, title, genre, year, author_id) values (96, 'turpis adipiscing', 'metal', 2011, 47);
insert into songs (id, title, genre, year, author_id) values (97, 'sollicitudin vitae', 'metal', 2006, 50);
insert into songs (id, title, genre, year, author_id) values (98, 'hac habitasse', 'electronic', 1992, 8);
insert into songs (id, title, genre, year, author_id) values (99, 'massa', 'classical', 1998, 1);
insert into songs (id, title, genre, year, author_id) values (100, 'at velit', 'rock', 1995, 7);
insert into songs (id, title, genre, year, author_id) values (101, 'et', 'metal', 1994, 5);
insert into songs (id, title, genre, year, author_id) values (102, 'sapien cum', 'rock', 2009, 48);
insert into songs (id, title, genre, year, author_id) values (103, 'curae', 'pop', 2003, 12);
insert into songs (id, title, genre, year, author_id) values (104, 'pharetra magna', 'reggae', 1992, 47);
insert into songs (id, title, genre, year, author_id) values (105, 'erat', 'reggae', 2010, 11);
insert into songs (id, title, genre, year, author_id) values (106, 'nec dui', 'pop', 2006, 6);
insert into songs (id, title, genre, year, author_id) values (107, 'vivamus', 'folk', 1994, 20);
insert into songs (id, title, genre, year, author_id) values (108, 'odio', 'country', 2010, 48);
insert into songs (id, title, genre, year, author_id) values (109, 'velit', 'metal', 1991, 19);
insert into songs (id, title, genre, year, author_id) values (110, 'sagittis dui', 'jazz', 2009, 22);
insert into songs (id, title, genre, year, author_id) values (111, 'potenti in', 'pop', 1997, 10);
insert into songs (id, title, genre, year, author_id) values (112, 'nisl duis', 'rock', 2008, 28);
insert into songs (id, title, genre, year, author_id) values (113, 'nec sem', 'pop', 2012, 31);
insert into songs (id, title, genre, year, author_id) values (114, 'quam', 'rock', 1995, 3);
insert into songs (id, title, genre, year, author_id) values (115, 'natoque', 'rock', 2003, 7);
insert into songs (id, title, genre, year, author_id) values (116, 'eget tempus', 'reggae', 2002, 7);
insert into songs (id, title, genre, year, author_id) values (117, 'aenean fermentum', 'hip hop', 1998, 50);
insert into songs (id, title, genre, year, author_id) values (118, 'in ante', 'reggae', 2012, 39);
insert into songs (id, title, genre, year, author_id) values (119, 'luctus', 'pop', 1987, 36);
insert into songs (id, title, genre, year, author_id) values (120, 'habitasse platea', 'classical', 2009, 27);
insert into songs (id, title, genre, year, author_id) values (121, 'nisi volutpat', 'rock', 2008, 39);
insert into songs (id, title, genre, year, author_id) values (122, 'erat', 'country', 2009, 24);
insert into songs (id, title, genre, year, author_id) values (123, 'condimentum neque', 'folk', 2000, 18);
insert into songs (id, title, genre, year, author_id) values (124, 'non lectus', 'rock', 1994, 17);
insert into songs (id, title, genre, year, author_id) values (125, 'tortor', 'electronic', 2013, 10);
insert into songs (id, title, genre, year, author_id) values (126, 'lectus pellentesque', 'classical', 1998, 13);
insert into songs (id, title, genre, year, author_id) values (127, 'neque', 'country', 2002, 39);
insert into songs (id, title, genre, year, author_id) values (128, 'ornare', 'rock', 2010, 36);
insert into songs (id, title, genre, year, author_id) values (129, 'nibh', 'hip hop', 1997, 23);
insert into songs (id, title, genre, year, author_id) values (130, 'ante ipsum', 'reggae', 1998, 45);
insert into songs (id, title, genre, year, author_id) values (131, 'eros', 'rock', 1990, 18);
insert into songs (id, title, genre, year, author_id) values (132, 'etiam', 'electronic', 2010, 8);
insert into songs (id, title, genre, year, author_id) values (133, 'curabitur gravida', 'electronic', 2010, 24);
insert into songs (id, title, genre, year, author_id) values (134, 'amet nulla', 'pop', 1989, 44);
insert into songs (id, title, genre, year, author_id) values (135, 'nulla suscipit', 'metal', 2001, 49);
insert into songs (id, title, genre, year, author_id) values (136, 'nibh', 'classical', 1993, 14);
insert into songs (id, title, genre, year, author_id) values (137, 'interdum', 'classical', 2011, 39);
insert into songs (id, title, genre, year, author_id) values (138, 'morbi vel', 'pop', 2008, 15);
insert into songs (id, title, genre, year, author_id) values (139, 'magna', 'classical', 1991, 3);
insert into songs (id, title, genre, year, author_id) values (140, 'lectus', 'reggae', 2000, 36);
insert into songs (id, title, genre, year, author_id) values (141, 'eu', 'hip hop', 1997, 16);
insert into songs (id, title, genre, year, author_id) values (142, 'quam turpis', 'folk', 2009, 40);
insert into songs (id, title, genre, year, author_id) values (143, 'eget', 'electronic', 1996, 26);
insert into songs (id, title, genre, year, author_id) values (144, 'tellus', 'country', 2009, 13);
insert into songs (id, title, genre, year, author_id) values (145, 'luctus', 'country', 2000, 37);
insert into songs (id, title, genre, year, author_id) values (146, 'at', 'rock', 2002, 36);
insert into songs (id, title, genre, year, author_id) values (147, 'vulputate luctus', 'reggae', 2010, 47);
insert into songs (id, title, genre, year, author_id) values (148, 'magna', 'electronic', 2007, 26);
insert into songs (id, title, genre, year, author_id) values (149, 'amet', 'folk', 2012, 35);
insert into songs (id, title, genre, year, author_id) values (150, 'nisl nunc', 'metal', 2011, 29);
insert into songs (id, title, genre, year, author_id) values (151, 'commodo placerat', 'pop', 1998, 4);
insert into songs (id, title, genre, year, author_id) values (152, 'lobortis ligula', 'metal', 2004, 17);
insert into songs (id, title, genre, year, author_id) values (153, 'sit', 'pop', 2004, 4);
insert into songs (id, title, genre, year, author_id) values (154, 'non ligula', 'reggae', 2000, 49);
insert into songs (id, title, genre, year, author_id) values (155, 'consequat metus', 'folk', 2007, 31);
insert into songs (id, title, genre, year, author_id) values (156, 'quam', 'rock', 1999, 26);
insert into songs (id, title, genre, year, author_id) values (157, 'morbi vel', 'folk', 2011, 48);
insert into songs (id, title, genre, year, author_id) values (158, 'metus aenean', 'pop', 1984, 15);
insert into songs (id, title, genre, year, author_id) values (159, 'felis donec', 'folk', 1993, 8);
insert into songs (id, title, genre, year, author_id) values (160, 'odio', 'metal', 1996, 27);
insert into songs (id, title, genre, year, author_id) values (161, 'integer a', 'metal', 2002, 26);
insert into songs (id, title, genre, year, author_id) values (162, 'sem duis', 'pop', 2002, 29);
insert into songs (id, title, genre, year, author_id) values (163, 'ut', 'rock', 2004, 19);
insert into songs (id, title, genre, year, author_id) values (164, 'mattis pulvinar', 'classical', 2011, 11);
insert into songs (id, title, genre, year, author_id) values (165, 'nec', 'jazz', 2008, 9);
insert into songs (id, title, genre, year, author_id) values (166, 'quis', 'electronic', 2006, 3);
insert into songs (id, title, genre, year, author_id) values (167, 'nunc', 'hip hop', 2013, 17);
insert into songs (id, title, genre, year, author_id) values (168, 'luctus et', 'electronic', 2007, 33);
insert into songs (id, title, genre, year, author_id) values (169, 'adipiscing elit', 'classical', 1992, 12);
insert into songs (id, title, genre, year, author_id) values (170, 'viverra dapibus', 'jazz', 1992, 20);
insert into songs (id, title, genre, year, author_id) values (171, 'turpis enim', 'jazz', 1991, 33);
insert into songs (id, title, genre, year, author_id) values (172, 'amet justo', 'classical', 2007, 7);
insert into songs (id, title, genre, year, author_id) values (173, 'enim', 'pop', 1994, 15);
insert into songs (id, title, genre, year, author_id) values (174, 'massa id', 'folk', 2007, 1);
insert into songs (id, title, genre, year, author_id) values (175, 'nunc', 'pop', 2006, 13);
insert into songs (id, title, genre, year, author_id) values (176, 'pellentesque', 'metal', 2007, 31);
insert into songs (id, title, genre, year, author_id) values (177, 'odio porttitor', 'folk', 1996, 27);
insert into songs (id, title, genre, year, author_id) values (178, 'lorem vitae', 'classical', 2012, 47);
insert into songs (id, title, genre, year, author_id) values (179, 'ultrices', 'classical', 1997, 13);
insert into songs (id, title, genre, year, author_id) values (180, 'justo', 'pop', 2000, 22);
insert into songs (id, title, genre, year, author_id) values (181, 'duis mattis', 'metal', 2000, 33);
insert into songs (id, title, genre, year, author_id) values (182, 'nec', 'classical', 1994, 34);
insert into songs (id, title, genre, year, author_id) values (183, 'nibh', 'pop', 1995, 32);
insert into songs (id, title, genre, year, author_id) values (184, 'aenean auctor', 'rock', 2006, 6);
insert into songs (id, title, genre, year, author_id) values (185, 'porta volutpat', 'electronic', 2004, 18);
insert into songs (id, title, genre, year, author_id) values (186, 'fusce', 'pop', 1994, 42);
insert into songs (id, title, genre, year, author_id) values (187, 'tellus', 'classical', 2010, 43);
insert into songs (id, title, genre, year, author_id) values (188, 'nisl', 'jazz', 1995, 1);
insert into songs (id, title, genre, year, author_id) values (189, 'odio donec', 'pop', 1992, 19);
insert into songs (id, title, genre, year, author_id) values (190, 'interdum eu', 'metal', 2010, 14);
insert into songs (id, title, genre, year, author_id) values (191, 'tincidunt in', 'classical', 1985, 25);
insert into songs (id, title, genre, year, author_id) values (192, 'at velit', 'pop', 2001, 10);
insert into songs (id, title, genre, year, author_id) values (193, 'porta', 'reggae', 1984, 45);
insert into songs (id, title, genre, year, author_id) values (194, 'semper porta', 'folk', 2006, 44);
insert into songs (id, title, genre, year, author_id) values (195, 'lorem quisque', 'electronic', 2007, 26);
insert into songs (id, title, genre, year, author_id) values (196, 'libero', 'folk', 2003, 30);
insert into songs (id, title, genre, year, author_id) values (197, 'donec diam', 'electronic', 2007, 43);
insert into songs (id, title, genre, year, author_id) values (198, 'parturient', 'reggae', 2012, 15);
insert into songs (id, title, genre, year, author_id) values (199, 'elementum ligula', 'country', 2009, 40);
insert into songs (id, title, genre, year, author_id) values (200, 'sit amet', 'folk', 2008, 18);

insert into author (id, name) values (1, 'Kanya Cordy');
insert into author (id, name) values (2, 'Carol Harris');
insert into author (id, name) values (3, 'Arielle Luetchford');
insert into author (id, name) values (4, 'Jess Kneller');
insert into author (id, name) values (5, 'Mozelle Cours');
insert into author (id, name) values (6, 'Agnese Vautier');
insert into author (id, name) values (7, 'Karna Cockrem');
insert into author (id, name) values (8, 'Ron Puffett');
insert into author (id, name) values (9, 'Florry Tadd');
insert into author (id, name) values (10, 'Uta Bodemeaid');
insert into author (id, name) values (11, 'Nathaniel Raper');
insert into author (id, name) values (12, 'Andriana Bate');
insert into author (id, name) values (13, 'Silvain Macon');
insert into author (id, name) values (14, 'Flinn Wilstead');
insert into author (id, name) values (15, 'Daphna Lage');
insert into author (id, name) values (16, 'Carmon Geydon');
insert into author (id, name) values (17, 'Sawyer Kenney');
insert into author (id, name) values (18, 'Rebekkah Corpes');
insert into author (id, name) values (19, 'Jordan Duprey');
insert into author (id, name) values (20, 'Oralla Warboys');
insert into author (id, name) values (21, 'Lisetta Caddell');
insert into author (id, name) values (22, 'Viviyan Vittery');
insert into author (id, name) values (23, 'Nikola Kach');
insert into author (id, name) values (24, 'Conant Formilli');
insert into author (id, name) values (25, 'Chuck Mort');
insert into author (id, name) values (26, 'Jessy Gerraty');
insert into author (id, name) values (27, 'Theodore Mounter');
insert into author (id, name) values (28, 'Corabel Oehm');
insert into author (id, name) values (29, 'Alessandra Kundt');
insert into author (id, name) values (30, 'Margaretta Foskett');
insert into author (id, name) values (31, 'Joleen Oolahan');
insert into author (id, name) values (32, 'Melessa Demead');
insert into author (id, name) values (33, 'Yolanda Cruddace');
insert into author (id, name) values (34, 'Madelina McKay');
insert into author (id, name) values (35, 'Gallagher Flintiff');
insert into author (id, name) values (36, 'Nissy Sturdy');
insert into author (id, name) values (37, 'Dillon Thunnercliffe');
insert into author (id, name) values (38, 'Pansy Rawcliffe');
insert into author (id, name) values (39, 'Kerrin Grundy');
insert into author (id, name) values (40, 'Billie Jacomb');
insert into author (id, name) values (41, 'Celine Smalley');
insert into author (id, name) values (42, 'Dominique Marjanski');
insert into author (id, name) values (43, 'Gardy Broomhall');
insert into author (id, name) values (44, 'Alair Manifould');
insert into author (id, name) values (45, 'Van Warlton');
insert into author (id, name) values (46, 'Ara Edsell');
insert into author (id, name) values (47, 'Ardra Avory');
insert into author (id, name) values (48, 'Garret Colaton');
insert into author (id, name) values (49, 'Brooke Stevani');
insert into author (id, name) values (50, 'Jamie Danilchenko');

insert into playlist values
(1,'chillout lounge',1),
(1,'chillout lounge',7),
(1,'chillout lounge',13),
(1,'chillout lounge',18),
(1,'chillout lounge',29),
(1,'chillout lounge',33),
(1,'chillout lounge',42),
(1,'chillout lounge',63),
(1,'chillout lounge',68),
(1,'chillout lounge',75),
(1,'chillout lounge',89),
(1,'chillout lounge',95),
(1,'chillout lounge',99),
(1,'chillout lounge',103),
(1,'chillout lounge',105),
(1,'chillout lounge',111),
(1,'chillout lounge',116),
(1,'chillout lounge',117),
(1,'chillout lounge',122),
(1,'chillout lounge',132),
(1,'chillout lounge',140),
(1,'chillout lounge',142),
(1,'chillout lounge',146),
(1,'chillout lounge',152),
(1,'chillout lounge',156),
(1,'chillout lounge',160),
(1,'chillout lounge',173),
(1,'chillout lounge',174),
(1,'chillout lounge',177),
(1,'chillout lounge',178),
(1,'chillout lounge',180),
(1,'chillout lounge',183),
(1,'chillout lounge',186),
(1,'chillout lounge',196),
(1,'chillout lounge',199),
(2,'christmas hits',2),
(2,'christmas hits',6),
(2,'christmas hits',8),
(2,'christmas hits',17),
(2,'christmas hits',23),
(2,'christmas hits',28),
(2,'christmas hits',34),
(2,'christmas hits',46),
(2,'christmas hits',47),
(2,'christmas hits',49),
(2,'christmas hits',53),
(2,'christmas hits',58),
(2,'christmas hits',60),
(2,'christmas hits',61),
(2,'christmas hits',65),
(2,'christmas hits',70),
(2,'christmas hits',94),
(2,'christmas hits',107),
(2,'christmas hits',112),
(2,'christmas hits',120),
(2,'christmas hits',121),
(2,'christmas hits',124),
(2,'christmas hits',126),
(2,'christmas hits',134),
(2,'christmas hits',136),
(2,'christmas hits',149),
(2,'christmas hits',150),
(2,'christmas hits',153),
(2,'christmas hits',157),
(2,'christmas hits',162),
(2,'christmas hits',168),
(2,'christmas hits',172),
(2,'christmas hits',179),
(2,'christmas hits',187),
(2,'christmas hits',192),
(3,'lofi beats',3),
(3,'lofi beats',4),
(3,'lofi beats',5),
(3,'lofi beats',9),
(3,'lofi beats',10),
(3,'lofi beats',12),
(3,'lofi beats',14),
(3,'lofi beats',20),
(3,'lofi beats',21),
(3,'lofi beats',27),
(3,'lofi beats',36),
(3,'lofi beats',37),
(3,'lofi beats',38),
(3,'lofi beats',41),
(3,'lofi beats',45),
(3,'lofi beats',48),
(3,'lofi beats',51),
(3,'lofi beats',52),
(3,'lofi beats',54),
(3,'lofi beats',55),
(3,'lofi beats',62),
(3,'lofi beats',64),
(3,'lofi beats',69),
(3,'lofi beats',76),
(3,'lofi beats',77),
(3,'lofi beats',79),
(3,'lofi beats',85),
(3,'lofi beats',88),
(3,'lofi beats',90),
(3,'lofi beats',109),
(3,'lofi beats',110),
(3,'lofi beats',115),
(3,'lofi beats',119),
(3,'lofi beats',123),
(3,'lofi beats',129),
(3,'lofi beats',130),
(3,'lofi beats',139),
(3,'lofi beats',143),
(3,'lofi beats',144),
(3,'lofi beats',147),
(3,'lofi beats',158),
(3,'lofi beats',169),
(3,'lofi beats',170),
(3,'lofi beats',171),
(3,'lofi beats',185),
(3,'lofi beats',191),
(3,'lofi beats',193),
(3,'lofi beats',195),
(4,'peacefull piano',15),
(4,'peacefull piano',16),
(4,'peacefull piano',19),
(4,'peacefull piano',22),
(4,'peacefull piano',25),
(4,'peacefull piano',26),
(4,'peacefull piano',31),
(4,'peacefull piano',32),
(4,'peacefull piano',35),
(4,'peacefull piano',39),
(4,'peacefull piano',43),
(4,'peacefull piano',44),
(4,'peacefull piano',56),
(4,'peacefull piano',57),
(4,'peacefull piano',59),
(4,'peacefull piano',66),
(4,'peacefull piano',67),
(4,'peacefull piano',78),
(4,'peacefull piano',82),
(4,'peacefull piano',83),
(4,'peacefull piano',84),
(4,'peacefull piano',92),
(4,'peacefull piano',93),
(4,'peacefull piano',100),
(4,'peacefull piano',101),
(4,'peacefull piano',106),
(4,'peacefull piano',118),
(4,'peacefull piano',125),
(4,'peacefull piano',128),
(4,'peacefull piano',131),
(4,'peacefull piano',133),
(4,'peacefull piano',138),
(4,'peacefull piano',154),
(4,'peacefull piano',159),
(4,'peacefull piano',165),
(4,'peacefull piano',166),
(4,'peacefull piano',175),
(4,'peacefull piano',176),
(4,'peacefull piano',181),
(4,'peacefull piano',184),
(4,'peacefull piano',188),
(4,'peacefull piano',189),
(4,'peacefull piano',194),
(4,'peacefull piano',197),
(4,'peacefull piano',198),
(5,'stress relief',11),
(5,'stress relief',24),
(5,'stress relief',30),
(5,'stress relief',40),
(5,'stress relief',50),
(5,'stress relief',71),
(5,'stress relief',72),
(5,'stress relief',73),
(5,'stress relief',74),
(5,'stress relief',80),
(5,'stress relief',81),
(5,'stress relief',86),
(5,'stress relief',87),
(5,'stress relief',91),
(5,'stress relief',96),
(5,'stress relief',97),
(5,'stress relief',98),
(5,'stress relief',102),
(5,'stress relief',104),
(5,'stress relief',108),
(5,'stress relief',113),
(5,'stress relief',114),
(5,'stress relief',127),
(5,'stress relief',135),
(5,'stress relief',137),
(5,'stress relief',141),
(5,'stress relief',145),
(5,'stress relief',148),
(5,'stress relief',151),
(5,'stress relief',155),
(5,'stress relief',161),
(5,'stress relief',163),
(5,'stress relief',164),
(5,'stress relief',167),
(5,'stress relief',182),
(5,'stress relief',190),
(5,'stress relief',200);

insert into user_playlist (u_id, s_id) values (1, 121);
insert into user_playlist (u_id, s_id) values (1, 114);
insert into user_playlist (u_id, s_id) values (2, 174);
insert into user_playlist (u_id, s_id) values (3, 179);
insert into user_playlist (u_id, s_id) values (1, 108);
insert into user_playlist (u_id, s_id) values (1, 38);
insert into user_playlist (u_id, s_id) values (1, 146);
insert into user_playlist (u_id, s_id) values (2, 147);
insert into user_playlist (u_id, s_id) values (2, 143);
insert into user_playlist (u_id, s_id) values (3, 89);